SHA256_ORIGINAL,SHA256_REPACKAGE,Jaccard_Similarity,Repackaged_Apps_Have_More,Difference,Sensor_Used_ORIGINAL,Sensor_Used_REPACKAGED
00602B9E81804905A6B7C0F1E066D0509DA603B9D627A275B5E0D2FD52E6C260,2AEF6C82B8843F097B49F64C04F6839C54DCE0FF5B80B7D62758EC5CAF6E3E35,1.0,0.0,[],"[1, 3]","[1, 3]"
00602B9E81804905A6B7C0F1E066D0509DA603B9D627A275B5E0D2FD52E6C260,2AFC521CB15BC62B24E57AFA8800DE7E41D2779779184FC587761E79EA64C93F,1.0,0.0,[],"[1, 3]","[1, 3]"
00602B9E81804905A6B7C0F1E066D0509DA603B9D627A275B5E0D2FD52E6C260,32220672A30A67E51888272CA907E783EF04C6956AC5076769877708BEED9E25,1.0,0.0,[],"[1, 3]","[1, 3]"
00602B9E81804905A6B7C0F1E066D0509DA603B9D627A275B5E0D2FD52E6C260,6BC54BBEAFC5F88E46C238589D41AE9B640CD04155D6986DD889D27934687074,1.0,0.0,[],"[1, 3]","[1, 3]"
00602B9E81804905A6B7C0F1E066D0509DA603B9D627A275B5E0D2FD52E6C260,ABF68AB06DA6060396261395E229EE56B5B89A960D6AE8446D1329CF62AE89DB,1.0,0.0,[],"[1, 3]","[1, 3]"
00602B9E81804905A6B7C0F1E066D0509DA603B9D627A275B5E0D2FD52E6C260,D344DEE64EBE2773155E788A93ECB6A66BC3DA3761CFEA6E26C8C030D7BEFA83,1.0,0.0,[],"[1, 3]","[1, 3]"
01E1FE9BA4A822EACA97C06C3DC1BACD331D85539DA35962C6777390D6434C94,A636E3F61C3EC74BD7FEBB531FC5C83C6ACC14244D2C3A5591E7570E4C9A0ABF,1.0,0.0,[],[3],[3]
02ECD3D2360249B9EC72EB54088199023920CDA2E918DFCC130096C92AE9779F,77E6B7E65DB0A599797819F40C7C52E2FD488B9D606A0228DF9453243ECE90B3,0.0,1.0,"[1,9,4,10,2,11]",[],"[1, 9, 4, 10, 2, 11]"
04BF25702671D5A35D7B2794671D4C4FC13A5551329728BDD084A3E9AA8A2358,47FC97C8D726B359AD1E20712A3C41C4292FFC0A6CA51F8EA1204C82C87C9F45,1.0,0.0,[],[1],[1]
054D2F61D64389E0073CDF1948EF84B2532CEC807B3286D7257C9A8D1674A6C5,456C1DC1B21287993AF704194F27DE50DDBA2FF8EEF81C7AC01B813FC9B5742F,1.0,0.0,[],[1],[1]
054D2F61D64389E0073CDF1948EF84B2532CEC807B3286D7257C9A8D1674A6C5,9141E32EE9F993E94F3642FDC0BF9B04D44AF17F19DB6743CD245C04C4D43727,1.0,0.0,[],[1],[1]
054D2F61D64389E0073CDF1948EF84B2532CEC807B3286D7257C9A8D1674A6C5,94E131B30314E4BBB1869D5AA4ECCCB8FD14A3F8F1E32AC19E2667967163E2D2,1.0,0.0,[],[1],[1]
054D2F61D64389E0073CDF1948EF84B2532CEC807B3286D7257C9A8D1674A6C5,B000B2E2FB0A1716EBCD27199343422360A660B3167E8A9D69B42194CB5938FC,1.0,0.0,[],[1],[1]
054D2F61D64389E0073CDF1948EF84B2532CEC807B3286D7257C9A8D1674A6C5,E8302DAAB8D5B962F108D5A826F0352AC8182D4B8A729424C10952E4618C3142,1.0,0.0,[],[1],[1]
054D2F61D64389E0073CDF1948EF84B2532CEC807B3286D7257C9A8D1674A6C5,EA868E97F5AF87556D3A73AAFF03122B09DAE793C8728BC8104CB1CAD9971E6D,1.0,0.0,[],[1],[1]
054D2F61D64389E0073CDF1948EF84B2532CEC807B3286D7257C9A8D1674A6C5,FA16FF72F15CC590D0D689B6E921F42B69486B0B871297CF7005737ACF5F997C,1.0,0.0,[],[1],[1]
0612E11A0CA4DFF1565DB927DADD2E82FEC7D89DD1B1D0FC0264F7C2B23799AA,012DFC68D8B47893F5E84D40BBB7A72103786BB49838B3F0AAA1882D14D69C15,1.0,0.0,[],[1],[1]
0612E11A0CA4DFF1565DB927DADD2E82FEC7D89DD1B1D0FC0264F7C2B23799AA,4492CF8645C3E8D5E53BC1E827186AC4C5742E53597EC0DB9FD0F2238807E43B,1.0,0.0,[],[1],[1]
0612E11A0CA4DFF1565DB927DADD2E82FEC7D89DD1B1D0FC0264F7C2B23799AA,4904CD56BE5A4377E2B198C11D704BA41922012D271C124BED7F1CD09699FF49,1.0,0.0,[],[1],[1]
0612E11A0CA4DFF1565DB927DADD2E82FEC7D89DD1B1D0FC0264F7C2B23799AA,5AC13BB65C1D2A9B993CC547BA3B37E00A866CD4AD41098490C57E7297CEB48D,1.0,0.0,[],[1],[1]
0612E11A0CA4DFF1565DB927DADD2E82FEC7D89DD1B1D0FC0264F7C2B23799AA,930ABA88AFC1B69A42E56838637D4263E49E1FF47527D3B8613D517E100AB627,1.0,0.0,[],[1],[1]
0612E11A0CA4DFF1565DB927DADD2E82FEC7D89DD1B1D0FC0264F7C2B23799AA,BD253538DDD48662C456FB9822375D68E56A4EB4C48963DFCFFED5CA3EEA68D7,1.0,0.0,[],[1],[1]
0657454586550AB643B09593FBE25A66053B3040FABEDADAE02553DD1EB20BF6,22D48B651EDB9D727BA188B5E7AAD073FFF3E0CF6E810C78617B0CD9C5959193,1.0,0.0,[],[1],[1]
0739B63460857EA902FC0DB17FF4BEB2FACBAC43315686302DA90916B19EFC79,073C8BFE3B950849AA534EBFF75CEA6F67259FE2FD4DE7401AD80AAD030FFFFA,1.0,0.0,[],[1],[1]
078CE600180C11E69780E6666ACFE4FEFDEAD2A7C2C2CA3CF4F2485B7FE10C26,5C36DD4A359DAFE019ECCAB75F53C5EADD60A018399C8A4CADA120B57DDAF5AF,1.0,0.0,[],[1],[1]
0833206AFB356E25C71BAD908E3BEDC7557909FA6C1BEF934F395A034C34AB2B,39B2F71CBFDF3E3D2073744497BDD41F899D76E9FCE29C8BD10CAB9A439F16A1,1.0,0.0,[],"[1, 3]","[1, 3]"
084E7D42FF8D86EA7C9CC80E72D109A133E0CD79EC834F71FFBB9234BD279927,04B678D21771ECB20249515C6CCF898D20281181F84C9D6836FDA463D55F13A2,1.0,0.0,[],[1],[1]
084E7D42FF8D86EA7C9CC80E72D109A133E0CD79EC834F71FFBB9234BD279927,1767FC75CC06DFB9F3609AA43393940F8B6BB92CBE7035356940E5F6C1A0EB07,1.0,0.0,[],[1],[1]
084E7D42FF8D86EA7C9CC80E72D109A133E0CD79EC834F71FFBB9234BD279927,3C54D0CB87FBDBB49B22B57045842CD06196D611A8955D318ABC4AF2E06725CD,1.0,0.0,[],[1],[1]
084E7D42FF8D86EA7C9CC80E72D109A133E0CD79EC834F71FFBB9234BD279927,6393FC328FA7B2B98910F3950757D3958358DA501E0BDB9F1AB9C49471942EB0,1.0,0.0,[],[1],[1]
084E7D42FF8D86EA7C9CC80E72D109A133E0CD79EC834F71FFBB9234BD279927,79CC6EAEC2F13F2324F47CF709C1E61F75108FC51EECEAD99BBD580C89112D32,1.0,0.0,[],[1],[1]
084E7D42FF8D86EA7C9CC80E72D109A133E0CD79EC834F71FFBB9234BD279927,B7D7796D0139AAC405D654158645A94E3E887FE78840A9936FD61FF1D27B18E3,1.0,0.0,[],[1],[1]
084E7D42FF8D86EA7C9CC80E72D109A133E0CD79EC834F71FFBB9234BD279927,B8A0156794B64A93659D2EF3B8581D0D7E3BABBBAED214CAD0C47CC9A3901226,1.0,0.0,[],[1],[1]
084E7D42FF8D86EA7C9CC80E72D109A133E0CD79EC834F71FFBB9234BD279927,BB6B906C6DAC44B99E139B17C4D173490BD6E5961099B130E3CC640D9C735D5F,1.0,0.0,[],[1],[1]
084E7D42FF8D86EA7C9CC80E72D109A133E0CD79EC834F71FFBB9234BD279927,EE434E6B71A6661202925FDA77E3FA38E095F66E8952C76DFF2D995FB1022096,1.0,0.0,[],[1],[1]
08EBA3DCC410BF0D1D492BDA1D555E4B0B1C0CC80A0852BD1818C13C1EB77C39,C396CCB59CEF8356400FB9CE91D7EC8058E9C7AC40A9AFA93FB79D163DFBA02D,0.0,0.0,[1],[1],[]
098472546A29616E7DE73CC7DB1CF5FE1997C1410C3FF83B083E4423468EA30B,8F58EA4B6E30B6725D887ED35E9F74223790482458136AC0FC554521EFC4FAE0,1.0,0.0,[],"[1, 9, 4, 10, 2, 11]","[1, 9, 4, 10, 2, 11]"
098472546A29616E7DE73CC7DB1CF5FE1997C1410C3FF83B083E4423468EA30B,B44E620E9F6DB5B65258CF72C09BAA5986BBBC291516B7BD98CE93A777FFD335,1.0,0.0,[],"[1, 9, 4, 10, 2, 11]","[1, 9, 4, 10, 2, 11]"
098472546A29616E7DE73CC7DB1CF5FE1997C1410C3FF83B083E4423468EA30B,CADDB3476C2529F63D24A44AAC30884755C4D28C8F48CA94AAD5C14F00C18D56,1.0,0.0,[],"[1, 9, 4, 10, 2, 11]","[1, 9, 4, 10, 2, 11]"
0DDD00115729938B1785D6FA1024B34EDD288BAACDAAB4D05261D3E88D8352C0,2D718FA72A29BA175E177BA8D9F5003D1F82C4EEC28536B82C5167C086756400,0.0,1.0,[1],[],[1]
10441D0385972B3C484F10AFB6EFFE06610B64038507503AA901FFE5E810E7E6,3AC1500A8101FE62DD45B6EE696D0688F48151AABB53F7A729CF896285A60E93,0.0,1.0,[3],[],[3]
1276536C254FD9ECDF6FC4E72A4BDA35689D5B72C53734C2BE23C226C75667B3,6C837AFDAB074D06DD21D365C3B2214F97264C592F1332D09AAF75A83E519345,1.0,0.0,[],[3],[3]
130C9674AA868E59CEF99105BBC3BE8366919056C4138C35CDDE47E6647459D7,C974318C7A03E02AF70C3B4710C0B415D9B49E9134CDE2BD400686CC08A38FB5,1.0,0.0,[],[1],[1]
133A9A2996629781E8F682C29EAB9A7DC098237C3F159A32752B0B8AC78C177A,3FE471B69ECAF96EE6D0F24AD411E23E43323C81397EEF1038F53069538C5071,1.0,0.0,[],"[1, 9, 4, 10, 2, 11]","[1, 9, 4, 10, 2, 11]"
133A9A2996629781E8F682C29EAB9A7DC098237C3F159A32752B0B8AC78C177A,5BDD1DE555AF3F8D9F9DE4AA314620C8E8D299A887DA9CC4109E82A36DD63D65,1.0,0.0,[],"[1, 9, 4, 10, 2, 11]","[1, 9, 4, 10, 2, 11]"
133A9A2996629781E8F682C29EAB9A7DC098237C3F159A32752B0B8AC78C177A,AF26F3F115FEDB5552006EDCC9F62382B05778A4C028340D8644C899133B947F,1.0,0.0,[],"[1, 9, 4, 10, 2, 11]","[1, 9, 4, 10, 2, 11]"
13AF5CDCA0C0A1B28109CDCFA7320BCEB2C0B4A51B6AF662DB688A35AD90315D,B2F26FB568479F3D3F649175E86BC4BE09FF89D9A88F052A2FBC9CD55A496434,0.0,1.0,[3],[],[3]
13AF5CDCA0C0A1B28109CDCFA7320BCEB2C0B4A51B6AF662DB688A35AD90315D,B4BF6E18BA0F0BB1ABA2033ADD14C2D6CAB1759A283B2FA1130A7CAAE0949450,0.0,1.0,[3],[],[3]
14C5624AB50A9B76134ACE6369D45D33DB137452273B0C22B862E74AB6D3D339,01DDF346BF885E42949B51D82015D538188DC4514792D49F79F4F87841405F23,1.0,0.0,[],"[1, 2]","[1, 2]"
14C5624AB50A9B76134ACE6369D45D33DB137452273B0C22B862E74AB6D3D339,0FFC9125B300C1D212CA48BF323D066F8DC0600C3EA80A5B9C204CA56B3EA942,1.0,0.0,[],"[1, 2]","[1, 2]"
14C5624AB50A9B76134ACE6369D45D33DB137452273B0C22B862E74AB6D3D339,162C7F34CD71724009D6475EC7ECEECA8E32BA337B578E217A2E15E324DE2393,1.0,0.0,[],"[1, 2]","[1, 2]"
14C5624AB50A9B76134ACE6369D45D33DB137452273B0C22B862E74AB6D3D339,1712093C52E53DA75E849820C75C07395572F11F763E00E25BD8B42A60FB6497,1.0,0.0,[],"[1, 2]","[1, 2]"
14C5624AB50A9B76134ACE6369D45D33DB137452273B0C22B862E74AB6D3D339,19AE6183D9821EBAD489141CD3F8BC5672A03938832C9AAF4AFD84CF7F23705E,1.0,0.0,[],"[1, 2]","[1, 2]"
14C5624AB50A9B76134ACE6369D45D33DB137452273B0C22B862E74AB6D3D339,1C37524169CE4A60B25E8A1926A7A3266B3923DF4832F1E2226726E8D9E6E25A,1.0,0.0,[],"[1, 2]","[1, 2]"
14C5624AB50A9B76134ACE6369D45D33DB137452273B0C22B862E74AB6D3D339,1FA23792A99D56AAE1360B164B134AC3823A0AC26A312315B2F234CFCF2973E7,1.0,0.0,[],"[1, 2]","[1, 2]"
14C5624AB50A9B76134ACE6369D45D33DB137452273B0C22B862E74AB6D3D339,224885362E70B1970D57C28D865A20E1717347450B48E87840D1D4C3F04F61AF,1.0,0.0,[],"[1, 2]","[1, 2]"
14C5624AB50A9B76134ACE6369D45D33DB137452273B0C22B862E74AB6D3D339,29D0B9995D650EB5DBB6D9A28B5BA4281CA205B9838DA32C26A295A562C5CE5B,1.0,0.0,[],"[1, 2]","[1, 2]"
14C5624AB50A9B76134ACE6369D45D33DB137452273B0C22B862E74AB6D3D339,33A10971194FBA3AF463E53000F2A55713AFAEC28F092980019253BB83372741,1.0,0.0,[],"[1, 2]","[1, 2]"
14C5624AB50A9B76134ACE6369D45D33DB137452273B0C22B862E74AB6D3D339,47B1989B454108C930CF9FBB9A56A66A8D2ECFD188E6CC590BCE02206D1490BC,1.0,0.0,[],"[1, 2]","[1, 2]"
14C5624AB50A9B76134ACE6369D45D33DB137452273B0C22B862E74AB6D3D339,4841652CC992CD2C9E6E8920B8626BE0E2E601EB2DBEE386F96A8DE9D1EA6D43,1.0,0.0,[],"[1, 2]","[1, 2]"
14C5624AB50A9B76134ACE6369D45D33DB137452273B0C22B862E74AB6D3D339,4A6E87C7BE92DEDA291AD761EAA92A8D681C9F0FACCB70A64B8E410B05697DA8,1.0,0.0,[],"[1, 2]","[1, 2]"
14C5624AB50A9B76134ACE6369D45D33DB137452273B0C22B862E74AB6D3D339,50006BAE6BC4F80254C15DF7882120B8C73A457B390D51053B164A3392688FF8,1.0,0.0,[],"[1, 2]","[1, 2]"
14C5624AB50A9B76134ACE6369D45D33DB137452273B0C22B862E74AB6D3D339,5182C0E2438831DDB0D2B53D385CF6E531B8CDDEEF3BE52BB14262106063D613,1.0,0.0,[],"[1, 2]","[1, 2]"
14C5624AB50A9B76134ACE6369D45D33DB137452273B0C22B862E74AB6D3D339,52CA8240C357204ABBF265E063C3EEF57F3679405C58B47C287ECBCE84AE8E28,1.0,0.0,[],"[1, 2]","[1, 2]"
14C5624AB50A9B76134ACE6369D45D33DB137452273B0C22B862E74AB6D3D339,55756268B5292DB7A79BCE4C1478DE4D831C435D2F1B8336212B3959AF2E08AE,1.0,0.0,[],"[1, 2]","[1, 2]"
14C5624AB50A9B76134ACE6369D45D33DB137452273B0C22B862E74AB6D3D339,56EEAA5ED658D2FCC765FA6A25AFAED77D55E87AD00DFFB6EDF03DBF241789D1,1.0,0.0,[],"[1, 2]","[1, 2]"
14C5624AB50A9B76134ACE6369D45D33DB137452273B0C22B862E74AB6D3D339,65BA71C3037A346FD0D8AAB86884CEE48211B1AE363DAD938B0233F6C1F910C9,1.0,0.0,[],"[1, 2]","[1, 2]"
14C5624AB50A9B76134ACE6369D45D33DB137452273B0C22B862E74AB6D3D339,6AE9A95D77817D129B262D595D22BCA2A69F1BD84866257F098DDA5F8E7178DF,1.0,0.0,[],"[1, 2]","[1, 2]"
14C5624AB50A9B76134ACE6369D45D33DB137452273B0C22B862E74AB6D3D339,6FBF020D10DD046B4175035E9B61EE8A4C5D06867857F1E14F32C410B3197ADB,1.0,0.0,[],"[1, 2]","[1, 2]"
14C5624AB50A9B76134ACE6369D45D33DB137452273B0C22B862E74AB6D3D339,88EF392AD36B5F41B6CA29D45BCEFA9A19AFF8CB54DF1DBB36654BBF67FF5A00,1.0,0.0,[],"[1, 2]","[1, 2]"
14C5624AB50A9B76134ACE6369D45D33DB137452273B0C22B862E74AB6D3D339,8DC225090E9FB5BE867B4853AC22B698DD7FE2BAE98FC26F0D68D44ACA3B387E,1.0,0.0,[],"[1, 2]","[1, 2]"
14C5624AB50A9B76134ACE6369D45D33DB137452273B0C22B862E74AB6D3D339,92D40B991EEBDDA97FC1A6D58DA46A0B0999A5630F78256B7D25560A4FFA38DB,1.0,0.0,[],"[1, 2]","[1, 2]"
14C5624AB50A9B76134ACE6369D45D33DB137452273B0C22B862E74AB6D3D339,9369E2349ACC89113B7B76E069DE15DA1EF9D4C378F8F23BDE308E591B266B38,1.0,0.0,[],"[1, 2]","[1, 2]"
14C5624AB50A9B76134ACE6369D45D33DB137452273B0C22B862E74AB6D3D339,938668ED725F431EF484C6E405F5C31EA80D19457950D327B9A0E589215597EE,1.0,0.0,[],"[1, 2]","[1, 2]"
14C5624AB50A9B76134ACE6369D45D33DB137452273B0C22B862E74AB6D3D339,9780B03D18D0360F2243E4E0CA53C55653E47959C0AF1811D4BA7140DC0D144B,1.0,0.0,[],"[1, 2]","[1, 2]"
14C5624AB50A9B76134ACE6369D45D33DB137452273B0C22B862E74AB6D3D339,A1E219FA41E786EA60BA9C3211961A6DFF6F373CCC34306912DF53EA5EC86B55,1.0,0.0,[],"[1, 2]","[1, 2]"
14C5624AB50A9B76134ACE6369D45D33DB137452273B0C22B862E74AB6D3D339,A1FC67ABA7D103934D0C37A91FD94F2BA74B8D898A18FF235467D2A073E53400,1.0,0.0,[],"[1, 2]","[1, 2]"
14C5624AB50A9B76134ACE6369D45D33DB137452273B0C22B862E74AB6D3D339,AD007DBBC100AC53B73DD8944B6721D4EB491A0A42F582D6A7C12274A4A29C0A,1.0,0.0,[],"[1, 2]","[1, 2]"
14C5624AB50A9B76134ACE6369D45D33DB137452273B0C22B862E74AB6D3D339,B2D22A3D2C28020E80A7716180DC4D7C033523FD999EE8BA64C78FC3F5D2D8B3,1.0,0.0,[],"[1, 2]","[1, 2]"
14C5624AB50A9B76134ACE6369D45D33DB137452273B0C22B862E74AB6D3D339,B61404FE874944A42F96028879937613FF2FDE8A5FC76B616A40CD9028C0435C,1.0,0.0,[],"[1, 2]","[1, 2]"
14C5624AB50A9B76134ACE6369D45D33DB137452273B0C22B862E74AB6D3D339,BBEB929A044BE2FA8422B4A69A8FC02A251BE320AC139051EA9CDE6876564987,1.0,0.0,[],"[1, 2]","[1, 2]"
14C5624AB50A9B76134ACE6369D45D33DB137452273B0C22B862E74AB6D3D339,CAC1B47755757CCFFE18CED77AC6FAE7029FB42316D8BBE78F397FC100267279,1.0,0.0,[],"[1, 2]","[1, 2]"
14C5624AB50A9B76134ACE6369D45D33DB137452273B0C22B862E74AB6D3D339,D939EE019504A86753FD5E7C7542E507EC5F403F8C794A5814C9C3D7F937BED2,1.0,0.0,[],"[1, 2]","[1, 2]"
14C5624AB50A9B76134ACE6369D45D33DB137452273B0C22B862E74AB6D3D339,D9FC7F853522D8BE6B0176246B3DB90F132956E33067A2F1D3EA51BB83102BEF,1.0,0.0,[],"[1, 2]","[1, 2]"
14C5624AB50A9B76134ACE6369D45D33DB137452273B0C22B862E74AB6D3D339,DC2B91CF525546CC5B6F4FBC83F3CF5345CC7D2F4D58C1B60736E645618F0BEF,1.0,0.0,[],"[1, 2]","[1, 2]"
14C5624AB50A9B76134ACE6369D45D33DB137452273B0C22B862E74AB6D3D339,DDD0B18066BF7E713B93D026015BB727BBC21825C48BD1415049EDC536DF1A35,1.0,0.0,[],"[1, 2]","[1, 2]"
14C5624AB50A9B76134ACE6369D45D33DB137452273B0C22B862E74AB6D3D339,DFEF70061B8FACF4D2CC4438ABC012171DEC607C9228D97D7EF3F1E7F2F5C538,1.0,0.0,[],"[1, 2]","[1, 2]"
14C5624AB50A9B76134ACE6369D45D33DB137452273B0C22B862E74AB6D3D339,E3329C6BC15059A26A1C5B0BAA0479AD3159FA3FC77E9BCE08374DF9E021EDED,1.0,0.0,[],"[1, 2]","[1, 2]"
14C5624AB50A9B76134ACE6369D45D33DB137452273B0C22B862E74AB6D3D339,F63E180E365A34A546EDA81220F3247791DC52748F3A1A5CD814F63E9BEC9A1B,1.0,0.0,[],"[1, 2]","[1, 2]"
14C5624AB50A9B76134ACE6369D45D33DB137452273B0C22B862E74AB6D3D339,FA8424CF74CDAFEE47D51819884764A8EE8F543246F80C25487A639A087735DA,1.0,0.0,[],"[1, 2]","[1, 2]"
14C5624AB50A9B76134ACE6369D45D33DB137452273B0C22B862E74AB6D3D339,FA8F3EE0676B21091EEFFF84C62122921EDC828C114B8B8448A3CC0DE523B8DE,1.0,0.0,[],"[1, 2]","[1, 2]"
14C5624AB50A9B76134ACE6369D45D33DB137452273B0C22B862E74AB6D3D339,FD3138083292C32659D0144A6B04A125C882F1AA0882977CFAF2BE6C2446AF3C,1.0,0.0,[],"[1, 2]","[1, 2]"
14C5624AB50A9B76134ACE6369D45D33DB137452273B0C22B862E74AB6D3D339,FD773BCB72A61BE99311E52E1BF7BDFE86B2FA5DD790A794DAC545F524845422,1.0,0.0,[],"[1, 2]","[1, 2]"
17CCDD37DC1D965F3F30D15CEC172C29715697A049FD7F2A5A33CAE4B4C5FACE,851AC5399B931F7F0332C21EBE45A752F7B33515D3DF4E4E5F0543B799C4297B,0.0,1.0,[1],[],[1]
1906CFAB1BCDCEDFADB46EB6B043384B4040CA3FA5FD52BB6FB9290584073C6C,A4E12A68AAC92DAF7A6DF6C862F7FE73C5B5DE79E4DF2B35042D5EBDDFA915DB,1.0,0.0,[],[1],[1]
197A54329D4AA2265BA64D83396864A48C6D210EE5E94077A752D3FE88579A13,1107AE6F64F4EF04D4AB9A680130B3A90AEDED0C86EB2267A03A4350233D2564,0.0,1.0,[3],[],[3]
197A54329D4AA2265BA64D83396864A48C6D210EE5E94077A752D3FE88579A13,215833619B323C870C2D04FB05C6236A680C5B6E61439691FD4E39F872B3ACAC,0.0,1.0,[3],[],[3]
1AA8DFF5AD512CD60B0CBD787DD283905696A39799FF91DD5F625143E514246E,8717AAA4A871F2E09BE01A615C022B5970FBB7B4823E9AB57B98563BA0C12BC6,0.0,1.0,"[1,3]",[],"[1, 3]"
1B2254EC3D81452EA9CFC52E20EC465EDFEC91D9B1C970D94B8111D1E64DB9F0,D23393A517138445FD86BDA14890F6906A2AE4D07A8A9C9023C243EA13437108,1.0,0.0,[],"[1, 9, 4, 10, 2, 11]","[1, 9, 4, 10, 2, 11]"
1CC49435F05B14868B000F6EFD959056F99EA0CAABD9319E0E71553A2D5D846B,5EA7C8BA484EB006329EC877B0227CBC975BBCD0C737A216E59C44BA2659ED33,1.0,0.0,[],[1],[1]
1CC49435F05B14868B000F6EFD959056F99EA0CAABD9319E0E71553A2D5D846B,CF0F5C8CB62495E4C9AC01FAD6F7B2B5D640D293B35279B0A778A27677D0480E,1.0,0.0,[],[1],[1]
1CC49435F05B14868B000F6EFD959056F99EA0CAABD9319E0E71553A2D5D846B,F0B3793E6BE33D15E936F2534C27ECD4BCF62B870E6BA8A791E5813564BC0695,1.0,0.0,[],[1],[1]
1DE16A28024EFC4C74BB9ED46E4642305F37D7DABE321DE932B3737831C561FF,EA2C2AD687029B5C2A736A27DFC8374A4B690FB5F923F8B146E64ED2F28E67BE,1.0,0.0,[],"[1, 9, 4, 10, 2, 11]","[1, 9, 4, 10, 2, 11]"
1DE3DDC8B77724DC3ADEAB267A7639F41EFE9253C232044CEDAA9A28CBDDD602,61AE80ADC3B99BEE5A4417A5DED6725FF044DA742A207896CEF2BEA6641797D9,1.0,0.0,[],[1],[1]
1DF631C186936B65A09259CFC26BC69286BEC0DDA66B9C51F0CBACE4C7A07424,A191F99B352A0D9AE0A5C3E573AFD8C89453E9997964DD73B452A7DD1AFE444F,1.0,0.0,[],[1],[1]
1DF631C186936B65A09259CFC26BC69286BEC0DDA66B9C51F0CBACE4C7A07424,B9E368C54086B7DA95261D07783E6A3129BAC38ED2F26E8E260107F75FDD7C49,1.0,0.0,[],[1],[1]
1DF631C186936B65A09259CFC26BC69286BEC0DDA66B9C51F0CBACE4C7A07424,F1D933A5792DBBEA0245E6C074B80BA7DB84A33BA6D404C43571DFFFFB246222,1.0,0.0,[],[1],[1]
1EA7B701F177696BED4E2349B22AA2D97EF4995CBBE5B7B08AB5D74DAE6DCA42,631EAF1D5DD48A8CDEFFE88C4D94C98C17AC0D9B6ED45010C51C8B6B48F6805E,1.0,0.0,[],"[1, 9, 4, 10, 2, 11]","[1, 9, 4, 10, 2, 11]"
1EC4E951EDCA94F7B8D938C3A61B534594A407B4F438C4BBFA4E0466651EDA44,9E8623D72460247053988EF111AD3C4B4472F1341420B82B25749B00C53DE5CB,0.0,1.0,[1],[],[1]
1FFA768F9E423E8CADCF54335313DDB34168D4C448F85F31558C2C1D7F759268,F996F603DC4CC694C415CBDF8775F8EA2C421264B30CE828388972609D1D1407,0.0,1.0,[3],[],[3]
205BAF7040473B728F1A55D0E8C02680D907F73D9470F683582108BC758C5C6A,01101D257CEA43602CC91BD3931FD731F7B0101414E81F8CDB07DB3F7386EB18,1.0,0.0,[],[1],[1]
205BAF7040473B728F1A55D0E8C02680D907F73D9470F683582108BC758C5C6A,0DCB512FD9BD7A4100BE943006C6F9371F2A918C6A7B6FFE44017BB34BC8F827,1.0,0.0,[],[1],[1]
205BAF7040473B728F1A55D0E8C02680D907F73D9470F683582108BC758C5C6A,28AE67DE3F8D098EDADE610D4B671931DF838E5B04CC05B4075264E20588FE17,1.0,0.0,[],[1],[1]
205BAF7040473B728F1A55D0E8C02680D907F73D9470F683582108BC758C5C6A,7EECE5D2957E3FA69614009D36D3BA501D55C4F10E5EBA3CE7E841668172BEE9,1.0,0.0,[],[1],[1]
205BAF7040473B728F1A55D0E8C02680D907F73D9470F683582108BC758C5C6A,94D495D853B5CD49F091051FAE8DBC26F499EF1338BAAF9038F888C95A68F66C,1.0,0.0,[],[1],[1]
205BAF7040473B728F1A55D0E8C02680D907F73D9470F683582108BC758C5C6A,F733DBAEBE20F5FB4F79B50F15A7DAAD2228D0FE75ACCCD95FBA9EBFDEAF6311,1.0,0.0,[],[1],[1]
209F9C9EF2EE5BA867B5CA05955B739DA72684AF9B432F9A1A0A92F53392F33A,ED9948C0D94558580CD33B34887F97E6A41B1F4E7EC88C69743657E5977B68D6,1.0,0.0,[],"[1, 9, 4, 10, 2, 11]","[1, 9, 4, 10, 2, 11]"
2638433D571CF08F933EF9687A2E1078D50BBA3CC468935CA03F670E6997E716,CBC3C560B86F1E76F4A5EC2E3F34F5714CDBF2712531833316C22751D4604921,1.0,0.0,[],[1],[1]
2697B2311D9FFD62B2C92B0EB6C432802A08473ECA44CF494D0EC49320DFE1CE,C04A75563F2D6DAA4B9036AF15C86D77280C643C15E9D1AD85DCEDA8B31D299E,1.0,0.0,[],[1],[1]
28381B29F8DE8FEA4E14991A677A2089FAC90BAA8050A28F839A68090D640F0D,212ED9DB6F0E3FC0C2F6DD20F61385C23D66A2D039C302D3D34190989383B8D3,1.0,0.0,[],"[1, 9, 4, 10, 2, 11]","[1, 9, 4, 10, 2, 11]"
28381B29F8DE8FEA4E14991A677A2089FAC90BAA8050A28F839A68090D640F0D,273867E7BAF9E2A8CF70C4890B5B1D89FA0983FA64F0BE53B0380820A5FDC2BB,1.0,0.0,[],"[1, 9, 4, 10, 2, 11]","[1, 9, 4, 10, 2, 11]"
28381B29F8DE8FEA4E14991A677A2089FAC90BAA8050A28F839A68090D640F0D,3F8D918D0110EB40F8116479F83D9454F82C0FC70A01FF0A108DA15DBA0BAC8C,1.0,0.0,[],"[1, 9, 4, 10, 2, 11]","[1, 9, 4, 10, 2, 11]"
28381B29F8DE8FEA4E14991A677A2089FAC90BAA8050A28F839A68090D640F0D,5A46FABCFFF7C1649EDE8DE4F9C24241874B5E60E11DE73F627094145A2FD0D8,1.0,0.0,[],"[1, 9, 4, 10, 2, 11]","[1, 9, 4, 10, 2, 11]"
28381B29F8DE8FEA4E14991A677A2089FAC90BAA8050A28F839A68090D640F0D,6852BEC6DC52921CD0D04D696F9AB66C56F406C24A5D45A00A51C5EDADB91757,0.0,0.0,"[1,9,4,10,2,11]","[1, 9, 4, 10, 2, 11]",[]
28381B29F8DE8FEA4E14991A677A2089FAC90BAA8050A28F839A68090D640F0D,6DB4297D52F2E37B6F3428E012E250D5C730E00BCC5A0624CB37BED81399F665,1.0,0.0,[],"[1, 9, 4, 10, 2, 11]","[1, 9, 4, 10, 2, 11]"
28381B29F8DE8FEA4E14991A677A2089FAC90BAA8050A28F839A68090D640F0D,96422224391C64633DA4069CBC7AFE992AF5BC4E01F905FEFFD7BE059C249A13,1.0,0.0,[],"[1, 9, 4, 10, 2, 11]","[1, 9, 4, 10, 2, 11]"
28381B29F8DE8FEA4E14991A677A2089FAC90BAA8050A28F839A68090D640F0D,A70E758210468A44A8E94B6DA7919F5AEBE293CDE52BD6F03C72B38C5983C93D,1.0,0.0,[],"[1, 9, 4, 10, 2, 11]","[1, 9, 4, 10, 2, 11]"
28381B29F8DE8FEA4E14991A677A2089FAC90BAA8050A28F839A68090D640F0D,F381620270E6A50196A172872ADAB828006437B0C4AE7B8ED8DE148BED76E3B6,1.0,0.0,[],"[1, 9, 4, 10, 2, 11]","[1, 9, 4, 10, 2, 11]"
28CFF980368323403CF6FA93B8A17E548FAC4007CDAC72C79B3ECAC23CF1B774,C60F477D68C1B2FE93380EE27008200C08E98ECA170C63E902242794F4CFECBF,1.0,0.0,[],[1],[1]
2926535DD24D5D7FE640A5C7258000626F466E3CE377CF61EA59AC36A5CF746B,E50FE89A04DEA04D7BC7E03C659AB7459F4EF20591820F6C11A878A8DFB6F0AC,0.0,0.0,[1],[1],[]
2926535DD24D5D7FE640A5C7258000626F466E3CE377CF61EA59AC36A5CF746B,F836E7E0EB1E65766249F93D48FE29713D8B2B59AD210D2F2E8B4060F2B817BF,0.0,0.0,[1],[1],[]
297B95D49AC9096EF0ACCAE6CDAEDE3CB3BB7898ECFFB84F6D34D1FD327A21C7,920C40112B61B03DE90E23E6ECFED54F4668E389D3045F375E7740D89FAE26ED,1.0,0.0,[],"[1, 2]","[1, 2]"
2A4ADE87416DC0638BDC2915CB01A2516ECC1F7D2E19C6FA331B278781C620E8,786575B87D28445C8C37FD45F509679C5D0210217DB16745C1E22D99AFF3AB04,0.0,1.0,[3],[],[3]
2C87D39E175D6632582C31974AFE565C6180119CD6FB88514688D3D2FF10955D,CF7CBCDE7E5FF251B0BA4FFE10201912ABBB255653A381AD58EF5CB6DB16F04B,0.0,1.0,[3],[],[3]
2D7482FD75CF34CF7E05B0B23B7BCF20EEDAA3F5780CF758E8B28441243D732C,3959806C8411C611479A05B95A8FF184A614B992BF4890949A7860790026CCC8,1.0,0.0,[],[1],[1]
2D7482FD75CF34CF7E05B0B23B7BCF20EEDAA3F5780CF758E8B28441243D732C,9821B02D255FDEBDF033B3EF46EA73948DD02527FD43A4F04EA2655A2027B46A,1.0,0.0,[],[1],[1]
2D7482FD75CF34CF7E05B0B23B7BCF20EEDAA3F5780CF758E8B28441243D732C,A3D57B703BC803892DADA6CC2CF67938BB97C795813577D800BDD5C47C310D4E,1.0,0.0,[],[1],[1]
2D7482FD75CF34CF7E05B0B23B7BCF20EEDAA3F5780CF758E8B28441243D732C,B1174D92795CCA55E9C1D8E41EF1D30E70D0F337C8A147FCA40BEE5DCC670559,1.0,0.0,[],[1],[1]
32225690E45E718846204598F7AEC210558C5363EDF7472265C87366F36431EB,0112B14F1DD527518702E3575057308F39185980FF076071AEE9F6D26323C04E,1.0,0.0,[],"[1, 2]","[1, 2]"
32225690E45E718846204598F7AEC210558C5363EDF7472265C87366F36431EB,1550E671692406CC0B84639D7E07DABAEB5182813D434E0F49817099760E12D0,1.0,0.0,[],"[1, 2]","[1, 2]"
32225690E45E718846204598F7AEC210558C5363EDF7472265C87366F36431EB,521BD5D637AA313A73CFE41292480D1AF7C60A491760D4806F81DAE83F30C847,1.0,0.0,[],"[1, 2]","[1, 2]"
32225690E45E718846204598F7AEC210558C5363EDF7472265C87366F36431EB,B70644AD1AC079A5D3300C15613F71166E26068F33739C5443E10B0DF4D6C079,1.0,0.0,[],"[1, 2]","[1, 2]"
32869481BCE4CA2E6C339850411A8C0510017D62F5B06DB3995B7E39ACB02BDA,8D8EBC5EF1A86870C0B32670AC40C2F8F836FCFDCE96EC68E7DA4813053CE87E,0.0,1.0,[3],[],[3]
346A55326B19D09DA4B4BD0B438687AAAD460D348044263D97E8EBC2AB3D1904,2969B9CA1AE145DF4403875C4ADBBFAE283CC3FDACFD0FF953B16CDFCEAC447E,0.0,1.0,[1],[],[1]
354434CCCAC2293856413EE750BC692BAD7D4E3162008DF649B7ED746230EBB4,6393632198756BB0DE5CC8F7D2C5028C522977AB0C832C3E2D2D69AB2A432874,1.0,0.0,[],[3],[3]
354434CCCAC2293856413EE750BC692BAD7D4E3162008DF649B7ED746230EBB4,B171BEC84B4D80061D93B19ECD6DE1FE33EC9D5A3B520F9510FCC3DD18F24177,1.0,0.0,[],[3],[3]
354434CCCAC2293856413EE750BC692BAD7D4E3162008DF649B7ED746230EBB4,FC5B406EDE5EB75867D4781908866A1A42E15FB23826B2181992030452E1227D,1.0,0.0,[],[3],[3]
3627BDC72908C251EE61B6C2E75B8AE260AC30847B01E168E9AAC6BAD4DB2A91,0AB71AFA6351897A4A9EDE956376564128A30742F740E21C0094B95D0070DEF1,1.0,0.0,[],"[1, 2]","[1, 2]"
3627BDC72908C251EE61B6C2E75B8AE260AC30847B01E168E9AAC6BAD4DB2A91,2AC2832A507A1DCC845C7E2D6779A65744783B04D0A48F075F19BFB5C41718BE,1.0,0.0,[],"[1, 2]","[1, 2]"
3627BDC72908C251EE61B6C2E75B8AE260AC30847B01E168E9AAC6BAD4DB2A91,346B35E6C076A60B00439653758EE1F705B0B9607C38CB8838389FB29DA3487E,1.0,0.0,[],"[1, 2]","[1, 2]"
3627BDC72908C251EE61B6C2E75B8AE260AC30847B01E168E9AAC6BAD4DB2A91,523C70499D7E5C1F531675FA80B976D5A27E22F7F3F67FD7067F4C6AE60B9739,1.0,0.0,[],"[1, 2]","[1, 2]"
3627BDC72908C251EE61B6C2E75B8AE260AC30847B01E168E9AAC6BAD4DB2A91,5DDA07642E5F038DBA190133C8CCDF6C4B4D6AA2974B3D7CF9321995D72B4F59,1.0,0.0,[],"[1, 2]","[1, 2]"
3627BDC72908C251EE61B6C2E75B8AE260AC30847B01E168E9AAC6BAD4DB2A91,B43ABFA7CB01AB43E79F20724C96B76B4656DBE490799512AAB909A5CC982EAD,1.0,0.0,[],"[1, 2]","[1, 2]"
3627BDC72908C251EE61B6C2E75B8AE260AC30847B01E168E9AAC6BAD4DB2A91,B6BEBA62D25EC5AEBC91EA2B495FFE36B77D7AEBBE28900F23C9320428FDA60A,1.0,0.0,[],"[1, 2]","[1, 2]"
3693F299B47D3BC9BB4C68658ADE6FC9C26B25674B832130D7CFBB534D2DE823,08FF106D4F9AE8775A97A2A713AC337315C74DD3C2A4C6888A65AF87A0B01AFD,1.0,0.0,[],"[1, 3]","[1, 3]"
3693F299B47D3BC9BB4C68658ADE6FC9C26B25674B832130D7CFBB534D2DE823,1B3543F39DE6626DA165FC6DBD6FA41E66642B88F42CAC22587E0A2132A9F21C,1.0,0.0,[],"[1, 3]","[1, 3]"
3693F299B47D3BC9BB4C68658ADE6FC9C26B25674B832130D7CFBB534D2DE823,3493DE16CAFE9C7049C54AE196C10A388DA23492DBB301D1FAAAC2356FAFDB35,1.0,0.0,[],"[1, 3]","[1, 3]"
3693F299B47D3BC9BB4C68658ADE6FC9C26B25674B832130D7CFBB534D2DE823,542EC84594BFF28A1BC10299785ADBDC5C3AED4A2E2F225D143E730C5C8F3CC6,1.0,0.0,[],"[1, 3]","[1, 3]"
3693F299B47D3BC9BB4C68658ADE6FC9C26B25674B832130D7CFBB534D2DE823,6684AF16430D47BD014781CC4901698DDC8B658C4A442EACA4D92B7D6CAAD57A,1.0,0.0,[],"[1, 3]","[1, 3]"
3693F299B47D3BC9BB4C68658ADE6FC9C26B25674B832130D7CFBB534D2DE823,7A0B94E6DD6D243800AD02D720A9CF78B22A9015D020A5A8731CCF3002BCA4B2,1.0,0.0,[],"[1, 3]","[1, 3]"
3693F299B47D3BC9BB4C68658ADE6FC9C26B25674B832130D7CFBB534D2DE823,7FC8DF1A6D1B51E13B219CBAB6A7AA6456255874527863523C1EEE79F1095AEA,1.0,0.0,[],"[1, 3]","[1, 3]"
3693F299B47D3BC9BB4C68658ADE6FC9C26B25674B832130D7CFBB534D2DE823,BFDC155DE14F1DB5C5EDA59BB26D26F21C67B31D4BC2B3088CADADA80103DF5C,1.0,0.0,[],"[1, 3]","[1, 3]"
3693F299B47D3BC9BB4C68658ADE6FC9C26B25674B832130D7CFBB534D2DE823,D204C8888B6622D82E66B52306141A70D6485D3EA644771471CAC37B424B0D77,1.0,0.0,[],"[1, 3]","[1, 3]"
3A101683535266147612C87B8B19EBEDEF27CA490B939C5C24C5F7A7DCF11EE4,03B22BC9A094DADF72FAB9B6139F8599DFAB966B5EE58EC155BCBCC161310251,0.0,1.0,[5],[],[5]
3B51F7AAB4C2DE71060CD1F39DB7EC932B24690B7D8A4253D65981E2B336230F,A35D4BA3AD6D43BC4D93B9688CAA85A92148E8ABCE8CD586FC0500FB1D657BE7,0.0,1.0,[3],[],[3]
3B51F7AAB4C2DE71060CD1F39DB7EC932B24690B7D8A4253D65981E2B336230F,D6F2217B624A8A1E013C9BC886B062647F327ABD2D92E73F3F3E602F8931DAFA,0.0,1.0,[3],[],[3]
3B51F7AAB4C2DE71060CD1F39DB7EC932B24690B7D8A4253D65981E2B336230F,D9563B23F3EDBBD9FD2F5730E5F3E4677F02CB2A5412E80A8BCAE9656A7D9873,0.0,1.0,[3],[],[3]
3BD645D7728E8D37881F7B540F7A75E9CBEA1BCE24837727BAC2F7AC7A326D05,1584EB9044F7CF48E6520DF828E22CCE89909D41CE18BDB1E3EDBE6682E12E31,1.0,0.0,[],[1],[1]
3BD645D7728E8D37881F7B540F7A75E9CBEA1BCE24837727BAC2F7AC7A326D05,4010CA0E704485B5F3ABE4A031429CCBC8A2ACFD3CE93504047789C508D0E0CE,1.0,0.0,[],[1],[1]
3BD645D7728E8D37881F7B540F7A75E9CBEA1BCE24837727BAC2F7AC7A326D05,42475E22FDB17AFF3840CCB979E52FC4BD57C3CE7B117D18E2B613DB677C17DC,1.0,0.0,[],[1],[1]
3BD645D7728E8D37881F7B540F7A75E9CBEA1BCE24837727BAC2F7AC7A326D05,44E63220046D8BA49B5C7945AC33847B6832653BDB0B11A16E3250C4BD6468FF,1.0,0.0,[],[1],[1]
3BD645D7728E8D37881F7B540F7A75E9CBEA1BCE24837727BAC2F7AC7A326D05,537718C31AC581A34850C94871A28708EC9DBA9A3F09D1AF2636ACBAE0CEBAE5,1.0,0.0,[],[1],[1]
3BD645D7728E8D37881F7B540F7A75E9CBEA1BCE24837727BAC2F7AC7A326D05,5560335CE9CBB12D49046FC34B84430B7C914DBF5926FD3E32DEA64BFCC1D590,1.0,0.0,[],[1],[1]
3BD645D7728E8D37881F7B540F7A75E9CBEA1BCE24837727BAC2F7AC7A326D05,77E0E58CBDF7FB8D82AF0A07BB3BE589F6ADC4E1767F682596CF41F178977D97,1.0,0.0,[],[1],[1]
3BD645D7728E8D37881F7B540F7A75E9CBEA1BCE24837727BAC2F7AC7A326D05,83378D70424A7DDA200CAD8F986BB8457FB7DEEB78088857BD1CB7D798C44CC4,1.0,0.0,[],[1],[1]
3BD645D7728E8D37881F7B540F7A75E9CBEA1BCE24837727BAC2F7AC7A326D05,833DCBDE0C97FA10FB9FCDCCA52FDD1326D90D581DC90B596287CFBF40205E22,1.0,0.0,[],[1],[1]
3BD645D7728E8D37881F7B540F7A75E9CBEA1BCE24837727BAC2F7AC7A326D05,C8BE537AE72DB6791AEFD54E19E066B889B4BBB230CFC780F99DD9844B963EC6,1.0,0.0,[],[1],[1]
3BD645D7728E8D37881F7B540F7A75E9CBEA1BCE24837727BAC2F7AC7A326D05,E60BA08C04AA3272E35FFE458CABCBC69E5664E0EB158291ACF78832804780C6,1.0,0.0,[],[1],[1]
3C5829CF763790DF569CA35A4F8D1F546CC9A0EA7F78120B7ED4F89925B056BE,3D08629D484410E1AF579003BEB5BF3212F6E891E273DCA13453F74466FDFBCC,1.0,0.0,[],[1],[1]
3C7ED90E7DE5FFB0868B80CADEE05E3B30512190BBD3E9FBC5E137BDF4FD3306,F6A8F3344288292EB1254771151223ADF9067A05874EEB1B9164066E50CADBE2,0.0,1.0,[3],[],[3]
3CAD408B3DB1887FE9B98EE87B4890B51B6598DD0935C7CFE1915D910ED91312,89DCF1ECC7550E1F5E76F62BBAE1C1B426EDC7C60528FF1547D8E073EB9941F9,0.0,1.0,"[1,9,4,10,2,11]",[],"[1, 9, 4, 10, 2, 11]"
3D045441E2AC4F462EFABB6E5ABC673B018A46CEDB5CF44EC4425E8B00AEBC72,35EF04780139C67F01400A23E9D2DE8A2DF12BE983B128C71477F189A47C44DE,1.0,0.0,[],[1],[1]
